<beans xmlns="http://www.springframework.org/schema/beans"
	xmlns:context="http://www.springframework.org/schema/context"
	xmlns:xsi="http://www.w3.org/2001/XMLSchema-instance" xmlns:mvc="http://www.springframework.org/schema/mvc"
	xmlns:tx="http://www.springframework.org/schema/tx" xmlns:util="http://www.springframework.org/schema/util" xmlns:task="http://www.springframework.org/schema/task"
	xsi:schemaLocation="
 http://www.springframework.org/schema/beans
 http://www.springframework.org/schema/beans/spring-beans-4.0.xsd
 http://www.springframework.org/schema/context
 http://www.springframework.org/schema/context/spring-context-4.0.xsd
 http://www.springframework.org/schema/mvc
 http://www.springframework.org/schema/mvc/spring-mvc-4.0.xsd
 http://www.springframework.org/schema/tx 
 http://www.springframework.org/schema/tx/spring-tx-4.0.xsd
 http://www.springframework.org/schema/task
 http://www.springframework.org/schema/task/spring-task-3.0.xsd
 http://www.springframework.org/schema/util
 http://www.springframework.org/schema/util/spring-util-3.0.xsd">
	<context:component-scan base-package="com.rga.rgility" />
	<context:property-placeholder location="classpath:application.properties" />
	
	<util:properties id="propertyConfigurer" location="classpath:application.properties" />
	<context:property-placeholder
		properties-ref="propertyConfigurer" />

	<mvc:annotation-driven />
	<task:annotation-driven/>
	<bean id="emailContextListener" class="com.rga.rgility.common.utilities.EmailContextListener"/>

	<tx:annotation-driven proxy-target-class="true" transaction-manager="transactionManager" />

	<!-- Creating TransactionManager Bean, since JDBC we are creating of type DataSourceTransactionManager -->
	<bean id="transactionManager" class="org.springframework.jdbc.datasource.DataSourceTransactionManager">
		<property name="dataSource" ref="dataSource" />
	</bean>

	<mvc:resources location="/resources/**" mapping="/resources/" />

	<bean
		class="org.springframework.web.servlet.mvc.annotation.AnnotationMethodHandlerAdapter" />
	<bean
		class="org.springframework.web.servlet.mvc.annotation.DefaultAnnotationHandlerMapping" />

	<bean id="dataSource"
		class="org.springframework.jdbc.datasource.DriverManagerDataSource">
		<property name="driverClassName" value="${JDBC.DRIVER}" />
		<property name="url" value="${JDBC.CONNECTION.URL}" />
		<property name="username" value="${JDBC.USERNAME}" />
		<property name="password" value="${JDBC.PASSWORD}" />
	</bean>
	
	 <!--   <bean id="dataSource" class="org.springframework.jndi.JndiObjectFactoryBean">
		<property name="jndiName" value="${db.datasource}"/>
	</bean> -->

	<bean id="jdbcTemplate" class="org.springframework.jdbc.core.JdbcTemplate">
		<property name="dataSource" ref="dataSource" />
	</bean>

	<bean id="ourLifeCoveredService" class="com.rga.rgility.service.impl.OurLifeCoveredServiceImpl" />
	<bean id="emailService" class="com.rga.rgility.service.impl.EmailServiceImpl"/>
	<bean id="quoteService" class="com.rga.rgility.service.impl.QuoteServiceImpl" />
	<bean id="rgilityService" class="com.rga.rgility.service.impl.RgilityServiceImpl" />
	<bean id="healthService" class="com.rga.rgility.service.impl.HealthIQServiceImpl" />

	<bean id="ourLifeCoveredDAO" class="com.rga.rgility.dao.impl.OurLifeCoveredDAOImpl">
		<property name="jdbcTemplate" ref="jdbcTemplate"></property>
	</bean>
	<bean id="quoteDAO" class="com.rga.rgility.dao.impl.QuoteDAOImpl">
		<property name="jdbcTemplate" ref="jdbcTemplate"></property>
	</bean>

	<bean id="ebixWebService" class="com.rga.rgility.service.impl.EBIXServiceImpl" />
	
	<bean id="viewResolver"
		class="org.springframework.web.servlet.view.InternalResourceViewResolver">
		<property name="prefix">
			<value>/WEB-INF/views/</value>
		</property>
		<property name="suffix">
			<value>.jsp</value>
		</property>
	</bean>
	<task:scheduler id="scheduler" pool-size="10"/>
	<!-- Email properties -->
	<bean id="mailSender" class="org.springframework.mail.javamail.JavaMailSenderImpl">
		<property name="host" value="${email.host}" />
        <property name="port" value="${email.port}" />
        <property name="username" value="${email.username}" />
        <property name="password" value="${email.password}" />
        <property name="javaMailProperties">
            <props>
                <prop key="mail.transport.protocol">${email.protocol}</prop>
                <prop key="mail.smtp.auth">${email.auth}</prop>
                <prop key="mail.smtp.starttls.enable">${email.starttls.enable}</prop>
                <prop key="mail.debug">${email.debug}</prop>
            </props>
        </property>
	</bean>
</beans>