<?xml version="1.0"?>
<LifeLink xmlns="urn:lifelink-schema" xmlns:xsi="http://www.w3.org/2001/XMLSchema-instance" xsi:schemaLocation="urn:lifelink-schema llXML.xsd">
	<LL>
		<UserName>Carbry User</UserName>
		<UserPassword>C@rbryCap</UserPassword>
		<SessionID>d3512dc2-6fdd-4a11-abea-7ae2ed220c82</SessionID>
		<InterfaceType>NoGUI</InterfaceType>
		<OutputType>XML</OutputType>
		<Logout>false</Logout>
		<Tool>
			<Name>VitalTerm_Net</Name>
		</Tool>
	</LL>
	<UserInformation>
		<FirstName>UserName</FirstName>
		<LastName>UserLastName</LastName>
	</UserInformation>
	<Client>
		<Applicant>
			<Age>45</Age>
			<Sex>Male</Sex>
		</Applicant>
		<StateOfIssue>CA</StateOfIssue>
	</Client>
	<VitalTermNet>
		<Products>
			<ProductOptions>
				<BreakDownPremiums>0</BreakDownPremiums>
				<CalcToPenny>1</CalcToPenny>
				<DisplayProductClasses>0</DisplayProductClasses>
				<GetCompanyInfo>1</GetCompanyInfo>
				<ShowCurrentRates>0</ShowCurrentRates>
				<ShowRemovedProducts>1</ShowRemovedProducts>
				<ShowProdInfoOnRemoval>1</ShowProdInfoOnRemoval>
				<ShowProdInfoOnly>0</ShowProdInfoOnly>
				<ShowPremiumsOnly>0</ShowPremiumsOnly>
				<Calc1stYearModal>1</Calc1stYearModal>
			</ProductOptions>
			<ProductLists>
				<YearsLevel>20</YearsLevel>
				<ProductType>TERM</ProductType>
			</ProductLists>
			<ProductScenarios>
				<Scenario>
					<FaceAmount>500000</FaceAmount>
					<PaymentMode>0</PaymentMode>
					<UnderwritingClassInfo type="VT">
						<Class>3</Class>
						<!--This case is for Preferred Non Tobacco Class -->
						<SmokingStatus>1</SmokingStatus>
					</UnderwritingClassInfo>
				</Scenario>
				<Scenario>
					<FaceAmount>500000</FaceAmount>
					<PaymentMode>0</PaymentMode>
					<UnderwritingClassInfo type="VT">
						<Class>3</Class>
						<!--This case is for a Preferred Smoker Class -->
						<SmokingStatus>3</SmokingStatus>
					</UnderwritingClassInfo>
				</Scenario>
			</ProductScenarios>
			<NumberOfProductsQuoted>6</NumberOfProductsQuoted>
			<NumberOfProductsRemoved>0</NumberOfProductsRemoved>
			<Product id="1379" name="GLT 20 (8-14)" type="TERM">
				<Options>
					<BreakDownPremiums>0</BreakDownPremiums>
					<CalcToPenny>1</CalcToPenny>
					<DisplayProductClasses>0</DisplayProductClasses>
					<GetCompanyInfo>1</GetCompanyInfo>
					<ShowCurrentRates>0</ShowCurrentRates>
					<ShowRemovedProducts>1</ShowRemovedProducts>
					<ShowProdInfoOnRemoval>1</ShowProdInfoOnRemoval>
					<RetrieveProductListIDs>0</RetrieveProductListIDs>
					<ShowProdInfoOnly>0</ShowProdInfoOnly>
					<ShowPremiumsOnly>0</ShowPremiumsOnly>
					<YearsToCalc>
						<Year>1</Year>
						<Year>2</Year>
						<Year>3</Year>
						<Year>4</Year>
						<Year>5</Year>
						<Year>6</Year>
						<Year>7</Year>
						<Year>8</Year>
						<Year>9</Year>
						<Year>10</Year>
						<Year>11</Year>
						<Year>12</Year>
						<Year>13</Year>
						<Year>14</Year>
						<Year>15</Year>
						<Year>16</Year>
						<Year>17</Year>
						<Year>18</Year>
						<Year>19</Year>
						<Year>20</Year>
					</YearsToCalc>
					<Calc1stYearModal>1</Calc1stYearModal>
					<Sorting>
						<Sort>
							<Name>GUARANTEEDPREMIUMS.DCVALUE</Name>
							<Direction>0</Direction>
							<StartYear>1</StartYear>
							<EndYear>1</EndYear>
						</Sort>
					</Sorting>
					<Filtering>
          </Filtering>
					<ShowAvailableRiders>0</ShowAvailableRiders>
				</Options>
				<Scenario>
					<Request>
						<FaceAmount>500000</FaceAmount>
						<Premium>0</Premium>
						<PaymentMode>0</PaymentMode>
						<UnderwritingClassInfo type="VT">
							<Class>3</Class>
							<SmokingStatus>1</SmokingStatus>
							<TableRating>0</TableRating>
							<VTClassID>3</VTClassID>
							<VTSmokingStatus>1</VTSmokingStatus>
						</UnderwritingClassInfo>
					</Request>
					<Return>
						<DisplayedInformation>
							<ProductInformation>
								<DisplayName>MetLife Insurance GLT 20 (8-14)</DisplayName>
								<NAICCertified>false</NAICCertified>
								<RateCard>N/A</RateCard>
								<SoftwareVersion>N/A</SoftwareVersion>
								<PolicyFormNumber>N/A</PolicyFormNumber>
								<AgeNearestLast>Nearest</AgeNearestLast>
								<CalculatedAge>45</CalculatedAge>
								<ModalFactors>
									<Factor name="Semi Annual" type="Percent" value="0.53"/>
									<Factor name="Quarterly" type="Percent" value="0.27"/>
									<Factor name="Monthly Bank Draft" type="Percent" value="0.09"/>
								</ModalFactors>
								<ExtraFees>
									<PolicyFee>69</PolicyFee>
								</ExtraFees>
								<YearsLevel>20</YearsLevel>
								<GuaranteedPeriod value="20" type="Years"/>
								<MaxYearsToShow>0</MaxYearsToShow>
								<MaturityAge value="95" type="Age"/>
								<IssueAges>
									<Minimum>18</Minimum>
									<Maximum>65</Maximum>
								</IssueAges>
								<FaceAmounts>
									<Minimum>100000</Minimum>
									<Maximum>999999999</Maximum>
								</FaceAmounts>
								<MinimumPremium>0</MinimumPremium>
								<Reentry>
									<Text>N/A</Text>
								</Reentry>
								<Conversion>
									<Text>Earlier of 20 yrs or age 70; Min 5 yrs</Text>
								</Conversion>
								<UnderwritingClasses>
									<ClassIDRan>3</ClassIDRan>
									<ClassNameRan>Pfd NonSmkr</ClassNameRan>
								</UnderwritingClasses>
							</ProductInformation>
							<PremiumInformation>
								<Premiums type="Guaranteed">
									<TotalPremiums>
										<Premium year="1" value="$724.00"/>
										<Premium year="2" value="$724.00"/>
										<Premium year="3" value="$724.00"/>
										<Premium year="4" value="$724.00"/>
										<Premium year="5" value="$724.00"/>
										<Premium year="6" value="$724.00"/>
										<Premium year="7" value="$724.00"/>
										<Premium year="8" value="$724.00"/>
										<Premium year="9" value="$724.00"/>
										<Premium year="10" value="$724.00"/>
										<Premium year="11" value="$724.00"/>
										<Premium year="12" value="$724.00"/>
										<Premium year="13" value="$724.00"/>
										<Premium year="14" value="$724.00"/>
										<Premium year="15" value="$724.00"/>
										<Premium year="16" value="$724.00"/>
										<Premium year="17" value="$724.00"/>
										<Premium year="18" value="$724.00"/>
										<Premium year="19" value="$724.00"/>
										<Premium year="20" value="$724.00"/>
									</TotalPremiums>
								</Premiums>
								<FirstYearModalPremiums>
									<Premium modal="Guar1stAnnual" value="$724.00"/>
									<Premium modal="Guar1stSemiAnnual" value="$383.72"/>
									<Premium modal="Guar1stQuarterly" value="$195.48"/>
									<Premium modal="Guar1stMonthlyBankDraft" value="$65.16"/>
								</FirstYearModalPremiums>
							</PremiumInformation>
						</DisplayedInformation>
					</Return>
				</Scenario>
				<CompanyInfo>
					<Name>MetLife Insurance Company USA</Name>
					<NAIC>
						<Code>87726</Code>
						<NAICCertified>false</NAICCertified>
					</NAIC>
					<Address>
						<Street>11225 North Community House Road</Street>
						<CityStateZip>Charlotte NC 28277</CityStateZip>
					</Address>
					<Phone>800-638-5433</Phone>
					<URL>www.metlife.com</URL>
					<CompanyType>Stock</CompanyType>
					<Founded>1863</Founded>
					<DataDate>12/31/2014</DataDate>
					<RateDate>4/15/2015</RateDate>
					<Assets>$60,275,177</Assets>
					<Liabilities>$55,480,611</Liabilities>
					<Ratings>
						<AMBest>A+(2)</AMBest>
						<SandP>AA-(4)</SandP>
						<Fitch>AA-(4)</Fitch>
						<Moodys>Aa3(4)</Moodys>
						<Comdex>94</Comdex>
					</Ratings>
				</CompanyInfo>
			</Product>
			<Product id="1453" name="AXA BrightLife 20 Series 151" type="TERM">
				<Options>
					<BreakDownPremiums>0</BreakDownPremiums>
					<CalcToPenny>1</CalcToPenny>
					<DisplayProductClasses>0</DisplayProductClasses>
					<GetCompanyInfo>1</GetCompanyInfo>
					<ShowCurrentRates>0</ShowCurrentRates>
					<ShowRemovedProducts>1</ShowRemovedProducts>
					<ShowProdInfoOnRemoval>1</ShowProdInfoOnRemoval>
					<RetrieveProductListIDs>0</RetrieveProductListIDs>
					<ShowProdInfoOnly>0</ShowProdInfoOnly>
					<ShowPremiumsOnly>0</ShowPremiumsOnly>
					<YearsToCalc>
						<Year>1</Year>
						<Year>2</Year>
						<Year>3</Year>
						<Year>4</Year>
						<Year>5</Year>
						<Year>6</Year>
						<Year>7</Year>
						<Year>8</Year>
						<Year>9</Year>
						<Year>10</Year>
						<Year>11</Year>
						<Year>12</Year>
						<Year>13</Year>
						<Year>14</Year>
						<Year>15</Year>
						<Year>16</Year>
						<Year>17</Year>
						<Year>18</Year>
						<Year>19</Year>
						<Year>20</Year>
					</YearsToCalc>
					<Calc1stYearModal>1</Calc1stYearModal>
					<Sorting>
						<Sort>
							<Name>GUARANTEEDPREMIUMS.DCVALUE</Name>
							<Direction>0</Direction>
							<StartYear>1</StartYear>
							<EndYear>1</EndYear>
						</Sort>
					</Sorting>
					<Filtering>
          </Filtering>
					<ShowAvailableRiders>0</ShowAvailableRiders>
				</Options>
				<Scenario>
					<Request>
						<FaceAmount>500000</FaceAmount>
						<Premium>0</Premium>
						<PaymentMode>0</PaymentMode>
						<UnderwritingClassInfo type="VT">
							<Class>3</Class>
							<SmokingStatus>1</SmokingStatus>
							<TableRating>0</TableRating>
							<VTClassID>3</VTClassID>
							<VTSmokingStatus>1</VTSmokingStatus>
						</UnderwritingClassInfo>
					</Request>
					<Return>
						<DisplayedInformation>
							<ProductInformation>
								<DisplayName>AXA BrightLife 20-151</DisplayName>
								<NAICCertified>true</NAICCertified>
								<RateCard>NP06595(01/07)ADL</RateCard>
								<SoftwareVersion>N/A</SoftwareVersion>
								<PolicyFormNumber>149-20</PolicyFormNumber>
								<AgeNearestLast>Nearest</AgeNearestLast>
								<CalculatedAge>45</CalculatedAge>
								<ModalFactors>
									<Factor name="Semi Annual" type="Percent" value="0.509"/>
									<Factor name="Quarterly" type="Percent" value="0.2565"/>
									<Factor name="Monthly Bank Draft" type="Percent" value="0.0855"/>
								</ModalFactors>
								<ExtraFees>
									<PolicyFee>75</PolicyFee>
								</ExtraFees>
								<YearsLevel>20</YearsLevel>
								<GuaranteedPeriod value="20" type="Years"/>
								<MaxYearsToShow>20</MaxYearsToShow>
								<MaturityAge value="95" type="Age"/>
								<IssueAges>
									<Minimum>18</Minimum>
									<Maximum>65</Maximum>
								</IssueAges>
								<FaceAmounts>
									<Minimum>500000</Minimum>
									<Maximum>30000000</Maximum>
								</FaceAmounts>
								<MinimumPremium>0</MinimumPremium>
								<Reentry>
									<Text>See Narrative</Text>
								</Reentry>
								<Conversion>
									<Text>First 20 yrs or age 70</Text>
								</Conversion>
								<UnderwritingClasses>
									<ClassIDRan>2</ClassIDRan>
									<ClassNameRan>Pfd NonTob</ClassNameRan>
								</UnderwritingClasses>
							</ProductInformation>
							<PremiumInformation>
								<Premiums type="Guaranteed">
									<TotalPremiums>
										<Premium year="1" value="$770.00"/>
										<Premium year="2" value="$770.00"/>
										<Premium year="3" value="$770.00"/>
										<Premium year="4" value="$770.00"/>
										<Premium year="5" value="$770.00"/>
										<Premium year="6" value="$770.00"/>
										<Premium year="7" value="$770.00"/>
										<Premium year="8" value="$770.00"/>
										<Premium year="9" value="$770.00"/>
										<Premium year="10" value="$770.00"/>
										<Premium year="11" value="$770.00"/>
										<Premium year="12" value="$770.00"/>
										<Premium year="13" value="$770.00"/>
										<Premium year="14" value="$770.00"/>
										<Premium year="15" value="$770.00"/>
										<Premium year="16" value="$770.00"/>
										<Premium year="17" value="$770.00"/>
										<Premium year="18" value="$770.00"/>
										<Premium year="19" value="$770.00"/>
										<Premium year="20" value="$770.00"/>
									</TotalPremiums>
								</Premiums>
								<FirstYearModalPremiums>
									<Premium modal="Guar1stAnnual" value="$770.00"/>
									<Premium modal="Guar1stSemiAnnual" value="$392.76"/>
									<Premium modal="Guar1stQuarterly" value="$201.27"/>
									<Premium modal="Guar1stMonthlyBankDraft" value="$68.42"/>
								</FirstYearModalPremiums>
							</PremiumInformation>
						</DisplayedInformation>
					</Return>
				</Scenario>
				<CompanyInfo>
					<Name>AXA Equitable Life Assurance Society of the US</Name>
					<NAIC>
						<Code>62944</Code>
						<NAICCertified>true</NAICCertified>
					</NAIC>
					<Address>
						<Street>1290 Avenue of the Americas</Street>
						<CityStateZip>New York NY 10104</CityStateZip>
					</Address>
					<Phone>212-554-1234</Phone>
					<URL>www.axa-equitable.com</URL>
					<CompanyType>Stock</CompanyType>
					<Founded>1859</Founded>
					<DataDate>12/31/2014</DataDate>
					<RateDate>4/15/2015</RateDate>
					<Assets>$158,657,785</Assets>
					<Liabilities>$154,832,315</Liabilities>
					<Ratings>
						<AMBest>A+(2)</AMBest>
						<SandP>A+(5)</SandP>
						<Fitch>AA-(4)</Fitch>
						<Moodys>Aa3(4)</Moodys>
						<Comdex>92</Comdex>
					</Ratings>
				</CompanyInfo>
			</Product>
			<Product id="672" name="*** AXA Equitable Term 20 Series 151 (Career) ***" type="TERM">
				<Options>
					<BreakDownPremiums>0</BreakDownPremiums>
					<CalcToPenny>1</CalcToPenny>
					<DisplayProductClasses>0</DisplayProductClasses>
					<GetCompanyInfo>1</GetCompanyInfo>
					<ShowCurrentRates>0</ShowCurrentRates>
					<ShowRemovedProducts>1</ShowRemovedProducts>
					<ShowProdInfoOnRemoval>1</ShowProdInfoOnRemoval>
					<RetrieveProductListIDs>0</RetrieveProductListIDs>
					<ShowProdInfoOnly>0</ShowProdInfoOnly>
					<ShowPremiumsOnly>0</ShowPremiumsOnly>
					<YearsToCalc>
						<Year>1</Year>
						<Year>2</Year>
						<Year>3</Year>
						<Year>4</Year>
						<Year>5</Year>
						<Year>6</Year>
						<Year>7</Year>
						<Year>8</Year>
						<Year>9</Year>
						<Year>10</Year>
						<Year>11</Year>
						<Year>12</Year>
						<Year>13</Year>
						<Year>14</Year>
						<Year>15</Year>
						<Year>16</Year>
						<Year>17</Year>
						<Year>18</Year>
						<Year>19</Year>
						<Year>20</Year>
					</YearsToCalc>
					<Calc1stYearModal>1</Calc1stYearModal>
					<Sorting>
						<Sort>
							<Name>GUARANTEEDPREMIUMS.DCVALUE</Name>
							<Direction>0</Direction>
							<StartYear>1</StartYear>
							<EndYear>1</EndYear>
						</Sort>
					</Sorting>
					<Filtering>
          </Filtering>
					<ShowAvailableRiders>0</ShowAvailableRiders>
				</Options>
				<Scenario>
					<Request>
						<FaceAmount>500000</FaceAmount>
						<Premium>0</Premium>
						<PaymentMode>0</PaymentMode>
						<UnderwritingClassInfo type="VT">
							<Class>3</Class>
							<SmokingStatus>1</SmokingStatus>
							<TableRating>0</TableRating>
							<VTClassID>3</VTClassID>
							<VTSmokingStatus>1</VTSmokingStatus>
						</UnderwritingClassInfo>
					</Request>
					<Return>
						<DisplayedInformation>
							<ProductInformation>
								<DisplayName>*** AXA Equitable 20-151 (Career) ***</DisplayName>
								<NAICCertified>true</NAICCertified>
								<RateCard>NP06595(01/07)ADL</RateCard>
								<SoftwareVersion>N/A</SoftwareVersion>
								<PolicyFormNumber>149-20</PolicyFormNumber>
								<AgeNearestLast>Nearest</AgeNearestLast>
								<CalculatedAge>45</CalculatedAge>
								<ModalFactors>
									<Factor name="Semi Annual" type="Percent" value="0.509"/>
									<Factor name="Quarterly" type="Percent" value="0.2565"/>
									<Factor name="Monthly Bank Draft" type="Percent" value="0.0855"/>
								</ModalFactors>
								<ExtraFees>
									<PolicyFee>75</PolicyFee>
								</ExtraFees>
								<YearsLevel>20</YearsLevel>
								<GuaranteedPeriod value="20" type="Years"/>
								<MaxYearsToShow>20</MaxYearsToShow>
								<MaturityAge value="95" type="Age"/>
								<IssueAges>
									<Minimum>18</Minimum>
									<Maximum>65</Maximum>
								</IssueAges>
								<FaceAmounts>
									<Minimum>250000</Minimum>
									<Maximum>30000000</Maximum>
								</FaceAmounts>
								<MinimumPremium>0</MinimumPremium>
								<Reentry>
									<Text>See Narrative</Text>
								</Reentry>
								<Conversion>
									<Text>First 20 yrs or age 70</Text>
								</Conversion>
								<UnderwritingClasses>
									<ClassIDRan>2</ClassIDRan>
									<ClassNameRan>Pfd NonTob</ClassNameRan>
								</UnderwritingClasses>
							</ProductInformation>
							<PremiumInformation>
								<Premiums type="Guaranteed">
									<TotalPremiums>
										<Premium year="1" value="$770.00"/>
										<Premium year="2" value="$770.00"/>
										<Premium year="3" value="$770.00"/>
										<Premium year="4" value="$770.00"/>
										<Premium year="5" value="$770.00"/>
										<Premium year="6" value="$770.00"/>
										<Premium year="7" value="$770.00"/>
										<Premium year="8" value="$770.00"/>
										<Premium year="9" value="$770.00"/>
										<Premium year="10" value="$770.00"/>
										<Premium year="11" value="$770.00"/>
										<Premium year="12" value="$770.00"/>
										<Premium year="13" value="$770.00"/>
										<Premium year="14" value="$770.00"/>
										<Premium year="15" value="$770.00"/>
										<Premium year="16" value="$770.00"/>
										<Premium year="17" value="$770.00"/>
										<Premium year="18" value="$770.00"/>
										<Premium year="19" value="$770.00"/>
										<Premium year="20" value="$770.00"/>
									</TotalPremiums>
								</Premiums>
								<FirstYearModalPremiums>
									<Premium modal="Guar1stAnnual" value="$770.00"/>
									<Premium modal="Guar1stSemiAnnual" value="$392.76"/>
									<Premium modal="Guar1stQuarterly" value="$201.27"/>
									<Premium modal="Guar1stMonthlyBankDraft" value="$68.42"/>
								</FirstYearModalPremiums>
							</PremiumInformation>
						</DisplayedInformation>
					</Return>
				</Scenario>
				<CompanyInfo>
					<Name>AXA Equitable Life Assurance Society of the US</Name>
					<NAIC>
						<Code>62944</Code>
						<NAICCertified>true</NAICCertified>
					</NAIC>
					<Address>
						<Street>1290 Avenue of the Americas</Street>
						<CityStateZip>New York NY 10104</CityStateZip>
					</Address>
					<Phone>212-554-1234</Phone>
					<URL>www.axa-equitable.com</URL>
					<CompanyType>Stock</CompanyType>
					<Founded>1859</Founded>
					<DataDate>12/31/2014</DataDate>
					<RateDate>4/15/2015</RateDate>
					<Assets>$158,657,785</Assets>
					<Liabilities>$154,832,315</Liabilities>
					<Ratings>
						<AMBest>A+(2)</AMBest>
						<SandP>A+(5)</SandP>
						<Fitch>AA-(4)</Fitch>
						<Moodys>Aa3(4)</Moodys>
						<Comdex>92</Comdex>
					</Ratings>
				</CompanyInfo>
			</Product>
			<Product id="1379" name="GLT 20 (8-14)" type="TERM">
				<Options>
					<BreakDownPremiums>0</BreakDownPremiums>
					<CalcToPenny>1</CalcToPenny>
					<DisplayProductClasses>0</DisplayProductClasses>
					<GetCompanyInfo>1</GetCompanyInfo>
					<ShowCurrentRates>0</ShowCurrentRates>
					<ShowRemovedProducts>1</ShowRemovedProducts>
					<ShowProdInfoOnRemoval>1</ShowProdInfoOnRemoval>
					<RetrieveProductListIDs>0</RetrieveProductListIDs>
					<ShowProdInfoOnly>0</ShowProdInfoOnly>
					<ShowPremiumsOnly>0</ShowPremiumsOnly>
					<YearsToCalc>
						<Year>1</Year>
						<Year>2</Year>
						<Year>3</Year>
						<Year>4</Year>
						<Year>5</Year>
						<Year>6</Year>
						<Year>7</Year>
						<Year>8</Year>
						<Year>9</Year>
						<Year>10</Year>
						<Year>11</Year>
						<Year>12</Year>
						<Year>13</Year>
						<Year>14</Year>
						<Year>15</Year>
						<Year>16</Year>
						<Year>17</Year>
						<Year>18</Year>
						<Year>19</Year>
						<Year>20</Year>
					</YearsToCalc>
					<Calc1stYearModal>1</Calc1stYearModal>
					<Sorting>
						<Sort>
							<Name>GUARANTEEDPREMIUMS.DCVALUE</Name>
							<Direction>0</Direction>
							<StartYear>1</StartYear>
							<EndYear>1</EndYear>
						</Sort>
					</Sorting>
					<Filtering>
          </Filtering>
					<ShowAvailableRiders>0</ShowAvailableRiders>
				</Options>
				<Scenario>
					<Request>
						<FaceAmount>500000</FaceAmount>
						<Premium>0</Premium>
						<PaymentMode>0</PaymentMode>
						<UnderwritingClassInfo type="VT">
							<Class>3</Class>
							<SmokingStatus>3</SmokingStatus>
							<TableRating>0</TableRating>
							<VTClassID>3</VTClassID>
							<VTSmokingStatus>3</VTSmokingStatus>
						</UnderwritingClassInfo>
					</Request>
					<Return>
						<DisplayedInformation>
							<ProductInformation>
								<DisplayName>MetLife Insurance GLT 20 (8-14)</DisplayName>
								<NAICCertified>false</NAICCertified>
								<RateCard>N/A</RateCard>
								<SoftwareVersion>N/A</SoftwareVersion>
								<PolicyFormNumber>N/A</PolicyFormNumber>
								<AgeNearestLast>Nearest</AgeNearestLast>
								<CalculatedAge>45</CalculatedAge>
								<ModalFactors>
									<Factor name="Semi Annual" type="Percent" value="0.53"/>
									<Factor name="Quarterly" type="Percent" value="0.27"/>
									<Factor name="Monthly Bank Draft" type="Percent" value="0.09"/>
								</ModalFactors>
								<ExtraFees>
									<PolicyFee>69</PolicyFee>
								</ExtraFees>
								<YearsLevel>20</YearsLevel>
								<GuaranteedPeriod value="20" type="Years"/>
								<MaxYearsToShow>0</MaxYearsToShow>
								<MaturityAge value="95" type="Age"/>
								<IssueAges>
									<Minimum>18</Minimum>
									<Maximum>65</Maximum>
								</IssueAges>
								<FaceAmounts>
									<Minimum>100000</Minimum>
									<Maximum>999999999</Maximum>
								</FaceAmounts>
								<MinimumPremium>0</MinimumPremium>
								<Reentry>
									<Text>N/A</Text>
								</Reentry>
								<Conversion>
									<Text>Earlier of 20 yrs or age 70; Min 5 yrs</Text>
								</Conversion>
								<UnderwritingClasses>
									<ClassIDRan>5</ClassIDRan>
									<ClassNameRan>Pfd Smkr</ClassNameRan>
								</UnderwritingClasses>
							</ProductInformation>
							<PremiumInformation>
								<Premiums type="Guaranteed">
									<TotalPremiums>
										<Premium year="1" value="$2,454.00"/>
										<Premium year="2" value="$2,454.00"/>
										<Premium year="3" value="$2,454.00"/>
										<Premium year="4" value="$2,454.00"/>
										<Premium year="5" value="$2,454.00"/>
										<Premium year="6" value="$2,454.00"/>
										<Premium year="7" value="$2,454.00"/>
										<Premium year="8" value="$2,454.00"/>
										<Premium year="9" value="$2,454.00"/>
										<Premium year="10" value="$2,454.00"/>
										<Premium year="11" value="$2,454.00"/>
										<Premium year="12" value="$2,454.00"/>
										<Premium year="13" value="$2,454.00"/>
										<Premium year="14" value="$2,454.00"/>
										<Premium year="15" value="$2,454.00"/>
										<Premium year="16" value="$2,454.00"/>
										<Premium year="17" value="$2,454.00"/>
										<Premium year="18" value="$2,454.00"/>
										<Premium year="19" value="$2,454.00"/>
										<Premium year="20" value="$2,454.00"/>
									</TotalPremiums>
								</Premiums>
								<FirstYearModalPremiums>
									<Premium modal="Guar1stAnnual" value="$2,454.00"/>
									<Premium modal="Guar1stSemiAnnual" value="$1,300.62"/>
									<Premium modal="Guar1stQuarterly" value="$662.58"/>
									<Premium modal="Guar1stMonthlyBankDraft" value="$220.86"/>
								</FirstYearModalPremiums>
							</PremiumInformation>
						</DisplayedInformation>
					</Return>
				</Scenario>
				<CompanyInfo>
					<Name>MetLife Insurance Company USA</Name>
					<NAIC>
						<Code>87726</Code>
						<NAICCertified>false</NAICCertified>
					</NAIC>
					<Address>
						<Street>11225 North Community House Road</Street>
						<CityStateZip>Charlotte NC 28277</CityStateZip>
					</Address>
					<Phone>800-638-5433</Phone>
					<URL>www.metlife.com</URL>
					<CompanyType>Stock</CompanyType>
					<Founded>1863</Founded>
					<DataDate>12/31/2014</DataDate>
					<RateDate>4/15/2015</RateDate>
					<Assets>$60,275,177</Assets>
					<Liabilities>$55,480,611</Liabilities>
					<Ratings>
						<AMBest>A+(2)</AMBest>
						<SandP>AA-(4)</SandP>
						<Fitch>AA-(4)</Fitch>
						<Moodys>Aa3(4)</Moodys>
						<Comdex>94</Comdex>
					</Ratings>
				</CompanyInfo>
			</Product>
			<Product id="1453" name="AXA BrightLife 20 Series 151" type="TERM">
				<Options>
					<BreakDownPremiums>0</BreakDownPremiums>
					<CalcToPenny>1</CalcToPenny>
					<DisplayProductClasses>0</DisplayProductClasses>
					<GetCompanyInfo>1</GetCompanyInfo>
					<ShowCurrentRates>0</ShowCurrentRates>
					<ShowRemovedProducts>1</ShowRemovedProducts>
					<ShowProdInfoOnRemoval>1</ShowProdInfoOnRemoval>
					<RetrieveProductListIDs>0</RetrieveProductListIDs>
					<ShowProdInfoOnly>0</ShowProdInfoOnly>
					<ShowPremiumsOnly>0</ShowPremiumsOnly>
					<YearsToCalc>
						<Year>1</Year>
						<Year>2</Year>
						<Year>3</Year>
						<Year>4</Year>
						<Year>5</Year>
						<Year>6</Year>
						<Year>7</Year>
						<Year>8</Year>
						<Year>9</Year>
						<Year>10</Year>
						<Year>11</Year>
						<Year>12</Year>
						<Year>13</Year>
						<Year>14</Year>
						<Year>15</Year>
						<Year>16</Year>
						<Year>17</Year>
						<Year>18</Year>
						<Year>19</Year>
						<Year>20</Year>
					</YearsToCalc>
					<Calc1stYearModal>1</Calc1stYearModal>
					<Sorting>
						<Sort>
							<Name>GUARANTEEDPREMIUMS.DCVALUE</Name>
							<Direction>0</Direction>
							<StartYear>1</StartYear>
							<EndYear>1</EndYear>
						</Sort>
					</Sorting>
					<Filtering>
          </Filtering>
					<ShowAvailableRiders>0</ShowAvailableRiders>
				</Options>
				<Scenario>
					<Request>
						<FaceAmount>500000</FaceAmount>
						<Premium>0</Premium>
						<PaymentMode>0</PaymentMode>
						<UnderwritingClassInfo type="VT">
							<Class>3</Class>
							<SmokingStatus>3</SmokingStatus>
							<TableRating>0</TableRating>
							<VTClassID>3</VTClassID>
							<VTSmokingStatus>3</VTSmokingStatus>
						</UnderwritingClassInfo>
					</Request>
					<Return>
						<DisplayedInformation>
							<ProductInformation>
								<DisplayName>AXA BrightLife 20-151</DisplayName>
								<NAICCertified>true</NAICCertified>
								<RateCard>NP06595(01/07)ADL</RateCard>
								<SoftwareVersion>N/A</SoftwareVersion>
								<PolicyFormNumber>149-20</PolicyFormNumber>
								<AgeNearestLast>Nearest</AgeNearestLast>
								<CalculatedAge>45</CalculatedAge>
								<ModalFactors>
									<Factor name="Semi Annual" type="Percent" value="0.509"/>
									<Factor name="Quarterly" type="Percent" value="0.2565"/>
									<Factor name="Monthly Bank Draft" type="Percent" value="0.0855"/>
								</ModalFactors>
								<ExtraFees>
									<PolicyFee>75</PolicyFee>
								</ExtraFees>
								<YearsLevel>20</YearsLevel>
								<GuaranteedPeriod value="20" type="Years"/>
								<MaxYearsToShow>20</MaxYearsToShow>
								<MaturityAge value="95" type="Age"/>
								<IssueAges>
									<Minimum>18</Minimum>
									<Maximum>65</Maximum>
								</IssueAges>
								<FaceAmounts>
									<Minimum>500000</Minimum>
									<Maximum>30000000</Maximum>
								</FaceAmounts>
								<MinimumPremium>0</MinimumPremium>
								<Reentry>
									<Text>See Narrative</Text>
								</Reentry>
								<Conversion>
									<Text>First 20 yrs or age 70</Text>
								</Conversion>
								<UnderwritingClasses>
									<ClassIDRan>5</ClassIDRan>
									<ClassNameRan>Pfd Tob</ClassNameRan>
								</UnderwritingClasses>
							</ProductInformation>
							<PremiumInformation>
								<Premiums type="Guaranteed">
									<TotalPremiums>
										<Premium year="1" value="$2,650.00"/>
										<Premium year="2" value="$2,650.00"/>
										<Premium year="3" value="$2,650.00"/>
										<Premium year="4" value="$2,650.00"/>
										<Premium year="5" value="$2,650.00"/>
										<Premium year="6" value="$2,650.00"/>
										<Premium year="7" value="$2,650.00"/>
										<Premium year="8" value="$2,650.00"/>
										<Premium year="9" value="$2,650.00"/>
										<Premium year="10" value="$2,650.00"/>
										<Premium year="11" value="$2,650.00"/>
										<Premium year="12" value="$2,650.00"/>
										<Premium year="13" value="$2,650.00"/>
										<Premium year="14" value="$2,650.00"/>
										<Premium year="15" value="$2,650.00"/>
										<Premium year="16" value="$2,650.00"/>
										<Premium year="17" value="$2,650.00"/>
										<Premium year="18" value="$2,650.00"/>
										<Premium year="19" value="$2,650.00"/>
										<Premium year="20" value="$2,650.00"/>
									</TotalPremiums>
								</Premiums>
								<FirstYearModalPremiums>
									<Premium modal="Guar1stAnnual" value="$2,650.00"/>
									<Premium modal="Guar1stSemiAnnual" value="$1,349.68"/>
									<Premium modal="Guar1stQuarterly" value="$683.49"/>
									<Premium modal="Guar1stMonthlyBankDraft" value="$229.16"/>
								</FirstYearModalPremiums>
							</PremiumInformation>
						</DisplayedInformation>
					</Return>
				</Scenario>
				<CompanyInfo>
					<Name>AXA Equitable Life Assurance Society of the US</Name>
					<NAIC>
						<Code>62944</Code>
						<NAICCertified>true</NAICCertified>
					</NAIC>
					<Address>
						<Street>1290 Avenue of the Americas</Street>
						<CityStateZip>New York NY 10104</CityStateZip>
					</Address>
					<Phone>212-554-1234</Phone>
					<URL>www.axa-equitable.com</URL>
					<CompanyType>Stock</CompanyType>
					<Founded>1859</Founded>
					<DataDate>12/31/2014</DataDate>
					<RateDate>4/15/2015</RateDate>
					<Assets>$158,657,785</Assets>
					<Liabilities>$154,832,315</Liabilities>
					<Ratings>
						<AMBest>A+(2)</AMBest>
						<SandP>A+(5)</SandP>
						<Fitch>AA-(4)</Fitch>
						<Moodys>Aa3(4)</Moodys>
						<Comdex>92</Comdex>
					</Ratings>
				</CompanyInfo>
			</Product>
			<Product id="672" name="*** AXA Equitable Term 20 Series 151 (Career) ***" type="TERM">
				<Options>
					<BreakDownPremiums>0</BreakDownPremiums>
					<CalcToPenny>1</CalcToPenny>
					<DisplayProductClasses>0</DisplayProductClasses>
					<GetCompanyInfo>1</GetCompanyInfo>
					<ShowCurrentRates>0</ShowCurrentRates>
					<ShowRemovedProducts>1</ShowRemovedProducts>
					<ShowProdInfoOnRemoval>1</ShowProdInfoOnRemoval>
					<RetrieveProductListIDs>0</RetrieveProductListIDs>
					<ShowProdInfoOnly>0</ShowProdInfoOnly>
					<ShowPremiumsOnly>0</ShowPremiumsOnly>
					<YearsToCalc>
						<Year>1</Year>
						<Year>2</Year>
						<Year>3</Year>
						<Year>4</Year>
						<Year>5</Year>
						<Year>6</Year>
						<Year>7</Year>
						<Year>8</Year>
						<Year>9</Year>
						<Year>10</Year>
						<Year>11</Year>
						<Year>12</Year>
						<Year>13</Year>
						<Year>14</Year>
						<Year>15</Year>
						<Year>16</Year>
						<Year>17</Year>
						<Year>18</Year>
						<Year>19</Year>
						<Year>20</Year>
					</YearsToCalc>
					<Calc1stYearModal>1</Calc1stYearModal>
					<Sorting>
						<Sort>
							<Name>GUARANTEEDPREMIUMS.DCVALUE</Name>
							<Direction>0</Direction>
							<StartYear>1</StartYear>
							<EndYear>1</EndYear>
						</Sort>
					</Sorting>
					<Filtering>
          </Filtering>
					<ShowAvailableRiders>0</ShowAvailableRiders>
				</Options>
				<Scenario>
					<Request>
						<FaceAmount>500000</FaceAmount>
						<Premium>0</Premium>
						<PaymentMode>0</PaymentMode>
						<UnderwritingClassInfo type="VT">
							<Class>3</Class>
							<SmokingStatus>3</SmokingStatus>
							<TableRating>0</TableRating>
							<VTClassID>3</VTClassID>
							<VTSmokingStatus>3</VTSmokingStatus>
						</UnderwritingClassInfo>
					</Request>
					<Return>
						<DisplayedInformation>
							<ProductInformation>
								<DisplayName>*** AXA Equitable 20-151 (Career) ***</DisplayName>
								<NAICCertified>true</NAICCertified>
								<RateCard>NP06595(01/07)ADL</RateCard>
								<SoftwareVersion>N/A</SoftwareVersion>
								<PolicyFormNumber>149-20</PolicyFormNumber>
								<AgeNearestLast>Nearest</AgeNearestLast>
								<CalculatedAge>45</CalculatedAge>
								<ModalFactors>
									<Factor name="Semi Annual" type="Percent" value="0.509"/>
									<Factor name="Quarterly" type="Percent" value="0.2565"/>
									<Factor name="Monthly Bank Draft" type="Percent" value="0.0855"/>
								</ModalFactors>
								<ExtraFees>
									<PolicyFee>75</PolicyFee>
								</ExtraFees>
								<YearsLevel>20</YearsLevel>
								<GuaranteedPeriod value="20" type="Years"/>
								<MaxYearsToShow>20</MaxYearsToShow>
								<MaturityAge value="95" type="Age"/>
								<IssueAges>
									<Minimum>18</Minimum>
									<Maximum>65</Maximum>
								</IssueAges>
								<FaceAmounts>
									<Minimum>250000</Minimum>
									<Maximum>30000000</Maximum>
								</FaceAmounts>
								<MinimumPremium>0</MinimumPremium>
								<Reentry>
									<Text>See Narrative</Text>
								</Reentry>
								<Conversion>
									<Text>First 20 yrs or age 70</Text>
								</Conversion>
								<UnderwritingClasses>
									<ClassIDRan>5</ClassIDRan>
									<ClassNameRan>Pfd Tob</ClassNameRan>
								</UnderwritingClasses>
							</ProductInformation>
							<PremiumInformation>
								<Premiums type="Guaranteed">
									<TotalPremiums>
										<Premium year="1" value="$2,650.00"/>
										<Premium year="2" value="$2,650.00"/>
										<Premium year="3" value="$2,650.00"/>
										<Premium year="4" value="$2,650.00"/>
										<Premium year="5" value="$2,650.00"/>
										<Premium year="6" value="$2,650.00"/>
										<Premium year="7" value="$2,650.00"/>
										<Premium year="8" value="$2,650.00"/>
										<Premium year="9" value="$2,650.00"/>
										<Premium year="10" value="$2,650.00"/>
										<Premium year="11" value="$2,650.00"/>
										<Premium year="12" value="$2,650.00"/>
										<Premium year="13" value="$2,650.00"/>
										<Premium year="14" value="$2,650.00"/>
										<Premium year="15" value="$2,650.00"/>
										<Premium year="16" value="$2,650.00"/>
										<Premium year="17" value="$2,650.00"/>
										<Premium year="18" value="$2,650.00"/>
										<Premium year="19" value="$2,650.00"/>
										<Premium year="20" value="$2,650.00"/>
									</TotalPremiums>
								</Premiums>
								<FirstYearModalPremiums>
									<Premium modal="Guar1stAnnual" value="$2,650.00"/>
									<Premium modal="Guar1stSemiAnnual" value="$1,349.68"/>
									<Premium modal="Guar1stQuarterly" value="$683.49"/>
									<Premium modal="Guar1stMonthlyBankDraft" value="$229.16"/>
								</FirstYearModalPremiums>
							</PremiumInformation>
						</DisplayedInformation>
					</Return>
				</Scenario>
				<CompanyInfo>
					<Name>AXA Equitable Life Assurance Society of the US</Name>
					<NAIC>
						<Code>62944</Code>
						<NAICCertified>true</NAICCertified>
					</NAIC>
					<Address>
						<Street>1290 Avenue of the Americas</Street>
						<CityStateZip>New York NY 10104</CityStateZip>
					</Address>
					<Phone>212-554-1234</Phone>
					<URL>www.axa-equitable.com</URL>
					<CompanyType>Stock</CompanyType>
					<Founded>1859</Founded>
					<DataDate>12/31/2014</DataDate>
					<RateDate>4/15/2015</RateDate>
					<Assets>$158,657,785</Assets>
					<Liabilities>$154,832,315</Liabilities>
					<Ratings>
						<AMBest>A+(2)</AMBest>
						<SandP>A+(5)</SandP>
						<Fitch>AA-(4)</Fitch>
						<Moodys>Aa3(4)</Moodys>
						<Comdex>92</Comdex>
					</Ratings>
				</CompanyInfo>
			</Product>
		</Products>
	</VitalTermNet>
	<Error>
		<Type>Message</Type>
		<Description>Login Error: ERROR_SUCCESS</Description>
	</Error>
	<Error>
		<Type>Message</Type>
		<Description>VitalTerm_Net Run Speed=2464.8474 milliseconds</Description>
	</Error>
	<Error>
		<Type>Message</Type>
		<Description>Total Run Speed=2542.8489 milliseconds</Description>
	</Error>
</LifeLink>
