<?xml version="1.0"?>
<carriers>
<carrier id ="1" name = "American General Life Ins. Co." /> 
<carrier id ="2" name = "Banner Life Ins. Co." /> 
<carrier id ="3" name = "Genworth Life Ins. Co." /> 
<carrier id ="5" name = "Transamerica Life Ins. Co." /> 
<carrier id ="6" name = "U.S. Financial Life Ins. Co." /> 
<carrier id ="7" name = "United of Omaha Life Ins. Co." /> 
<carrier id ="8" name = "West Coast Life Ins. Co." /> 
<carrier id ="9" name = "Prudential Life Ins. Co." /> 
<carrier id ="10" name = "Pruco Life Ins. Co of New Jersey" /> 
<carrier id ="11" name = "Reliastar Life Ins. Co. (VOYA)" /> 
<carrier id ="12" name = "Reliastar Life Ins. of NY (VOYA)" /> 
<carrier id ="13" name = "AXA Equitable Life Ins. Co." /> 
<carrier id ="14" name = "John Hancock Life Ins. Co. USA" /> 
<carrier id ="15" name = "John Hancock Life Ins. Co. NY" /> 
<carrier id ="16" name = "Metlife Investors USA Ins. Co." /> 
<carrier id ="17" name = "RBC / Liberty Life Ins. Co." /> 
<carrier id ="18" name = "Genworth Life &amp; Annuity Ins. Co" /> 
<carrier id ="19" name = "AAA Life Ins. Co." /> 
<carrier id ="20" name = "Allstate Life Ins. Co of New York" /> 
<carrier id ="21" name = "Farmers New World Life Ins. Co." /> 
<carrier id ="22" name = "New York Life Ins. Co." /> 
<carrier id ="23" name = "Northwestern Mutual Life Ins." /> 
<carrier id ="24" name = "American National Ins. Co." /> 
<carrier id ="25" name = "Americo Financial Life &amp; Annuity Ins." /> 
<carrier id ="26" name = "Companion Life Ins. Co. of NY" /> 
<carrier id ="27" name = "Guardian Life Ins. Co of America" /> 
<carrier id ="28" name = "Indianapolis Life Ins. Co." /> 
<carrier id ="29" name = "Jefferson Pilot Financial Ins." /> 
<carrier id ="30" name = "Lincoln Benefit Life Co." /> 
<carrier id ="31" name = "Lincoln Life &amp; Annuity Co. of NY" /> 
<carrier id ="32" name = "Lincoln National Life Ins. Co." /> 
<carrier id ="33" name = "Massachusetts Mutual Life Ins." /> 
<carrier id ="34" name = "Nationwide Life &amp; Annuity Ins. Co" /> 
<carrier id ="35" name = "North American Co for Life &amp; Health" /> 
<carrier id ="36" name = "Old Mutual Financial Life Ins." /> 
<carrier id ="37" name = "Old Mutual Financial Life Ins. Co. of NY" /> 
<carrier id ="38" name = "United Home Life Ins. Co." /> 
<carrier id ="39" name = "William Penn Life Ins. Co of NY" /> 
<carrier id ="40" name = "Genworth Life Ins. Co. of NY" /> 
<carrier id ="41" name = "Fidelity Life Association" /> 
<carrier id ="42" name = "Savings Bank Life Ins. Co of MA" /> 
<carrier id ="43" name = "MTL Ins. Co." /> 
<carrier id ="44" name = "Aviva Life &amp; Annuity Co." /> 
<carrier id ="45" name = "Conseco Life Ins." /> 
<carrier id ="46" name = "Assurity Life Ins. Co." /> 
<carrier id ="47" name = "Aviva Life &amp; Annuity of New York" /> 
<carrier id ="49" name = "Hartford Life &amp; Annuity Ins. Co" /> 
<carrier id ="50" name = "United States Life Ins in the City of NY" /> 
<carrier id ="51" name = "Presidential Life Ins. Co." /> 
<carrier id ="52" name = "Guarantee Trust Life Ins. Co." /> 
<carrier id ="53" name = "HSBC Life Ins. Co." /> 
<carrier id ="54" name = "Protective Life Ins. Co." /> 
<carrier id ="55" name = "Protective Life &amp; Annuity Ins. Co" /> 
<carrier id ="56" name = "Allianz Life Ins. Co. of NA" /> 
<carrier id ="57" name = "American-Amicable Life Ins. of TX" /> 
<carrier id ="58" name = "American Continental Ins. Co." /> 
<carrier id ="59" name = "American Memorial Life Ins. Co." /> 
<carrier id ="60" name = "American Fidelity Assurance Co." /> 
<carrier id ="62" name = "American Home Life Ins. Co." /> 
<carrier id ="63" name = "American National Life Ins Co. of NY" /> 
<carrier id ="64" name = "American Progressive Life &amp; Health of NY" /> 
<carrier id ="65" name = "Ameritas Life Ins. Corp" /> 
<carrier id ="66" name = "Ameritas Life Ins. Corp of New York" /> 
<carrier id ="67" name = "Aurora National Life Assurance Co." /> 
<carrier id ="68" name = "Baltimore Life Ins. Co." /> 
<carrier id ="69" name = "Boston Mutual Life Ins. Co." /> 
<carrier id ="70" name = "Centrian Life Ins." /> 
<carrier id ="71" name = "Cincinnati Life Ins. Co." /> 
<carrier id ="72" name = "Columbian Life Ins. Co." /> 
<carrier id ="73" name = "Columbian Mutual Life Ins. Co." /> 
<carrier id ="74" name = "Columbus Life Ins. Co." /> 
<carrier id ="75" name = "EMC National Life Co." /> 
<carrier id ="76" name = "First Central National Life of NY" /> 
<carrier id ="77" name = "First Metlife Investors Ins. Co" /> 
<carrier id ="78" name = "Gleaner Life Ins. Society" /> 
<carrier id ="79" name = "Hartford Life Ins. Co." /> 
<carrier id ="80" name = "Illinois Mutual Life Ins. Co." /> 
<carrier id ="81" name = "Independent Order of Foresters" /> 
<carrier id ="82" name = "Industrial - Alliance Pacific Ins." /> 
<carrier id ="83" name = "Liberty Bankers Life Ins. Co." /> 
<carrier id ="84" name = "Madison National Life Ins. Co." /> 
<carrier id ="85" name = "Metropolitan Life Ins. Co." /> 
<carrier id ="86" name = "Midland National Life Ins. Co." /> 
<carrier id ="87" name = "Minnesota Life Ins. Co." /> 
<carrier id ="88" name = "Motorists Life Ins. Co." /> 
<carrier id ="89" name = "National Life Ins. Co of Vermont" /> 
<carrier id ="90" name = "Occidental Life Ins Co of North Carolina" /> 
<carrier id ="91" name = "Ohio National Life Assurance Corporation" /> 
<carrier id ="92" name = "Oxford Life Ins. Co." /> 
<carrier id ="93" name = "Pacific Guardian Life Ins. Co, Ltd." /> 
<carrier id ="94" name = "Pacific Life &amp; Annuity Co." /> 
<carrier id ="95" name = "Pacific Life Ins. Co." /> 
<carrier id ="96" name = "Pan-American Life Ins. Co." /> 
<carrier id ="97" name = "Paul Revere Life Ins. Co." /> 
<carrier id ="98" name = "Penn Mutual Life Ins. Co." /> 
<carrier id ="99" name = "Primerica Life Ins. Co." /> 
<carrier id ="100" name = "Principal Life Ins. Co." /> 
<carrier id ="101" name = "Principal National Life Ins. Co" /> 
<carrier id ="102" name = "Provident Life &amp; Accident Assurance" /> 
<carrier id ="103" name = "Royal Neighbors of America" /> 
<carrier id ="104" name = "Sagicor Life Ins. Co." /> 
<carrier id ="105" name = "Securian Life Ins. Co." /> 
<carrier id ="106" name = "Security Life of Denver Ins. Co. (VOYA)" /> 
<carrier id ="107" name = "Security Mutual Life Ins. Co of NY" /> 
<carrier id ="108" name = "Starmount Life Ins. Co" /> 
<carrier id ="109" name = "Sunset Life Ins. Co. of America" /> 
<carrier id ="110" name = "Symetra Life Ins. Co." /> 
<carrier id ="111" name = "TIAA-CREF Life Ins. Co." /> 
<carrier id ="112" name = "Trustmark Ins. Co." /> 
<carrier id ="113" name = "Union Labor Life Ins. Co." /> 
<carrier id ="114" name = "United Heritage Life Ins. Co." /> 
<carrier id ="116" name = "Western &amp; Southern Life Assurance Co." /> 
<carrier id ="117" name = "Woman's Life Ins. Society" /> 
<carrier id ="118" name = "Mutual of Omaha Ins. Co." /> 
<carrier id ="119" name = "MedAmerica Ins. Co of FL" /> 
<carrier id ="120" name = "MedAmerica Ins. Co" /> 
<carrier id ="121" name = "MedAmerica Ins. Co of NY" /> 
<carrier id ="122" name = "Gerber Life Ins. Co." /> 
<carrier id ="211" name ="" /> 
<carrier id ="238" name = "Nationwide Life Ins. Co." /> 
<carrier id ="239" name = "American United Life Ins. Co." /> 
<carrier id ="240" name = "Bankers Fidelity Co." /> 
<carrier id ="241" name = "Capitol Life" /> 
<carrier id ="242" name = "Equitable Life Ins. Co" /> 
<carrier id ="243" name = "Government Personnel Mutual" /> 
<carrier id ="244" name = "Grange Life Ins. Co." /> 
<carrier id ="245" name = "Lafayette Life Ins. Co." /> 
<carrier id ="246" name = "Life Ins. Co. of the Southwest" /> 
<carrier id ="247" name = "National Benefit Life Ins. Co." /> 
<carrier id ="248" name = "National Western Life Ins. Co." /> 
<carrier id ="249" name = "Phoenix Life" /> 
<carrier id ="250" name = "Standard Life &amp; Accident Ins. Co" /> 
<carrier id ="251" name = "Stonebridge Life Ins. Co." /> 
<carrier id ="252" name = "United Farm Ins. Co" /> 
<carrier id ="253" name = "Zurich American Co of NY" /> 
<carrier id ="254" name = "Zurich American Co."/>
</carriers>