<beans xmlns="http://www.springframework.org/schema/beans"
	xmlns:context="http://www.springframework.org/schema/context"
	xmlns:xsi="http://www.w3.org/2001/XMLSchema-instance" xmlns:mvc="http://www.springframework.org/schema/mvc"
	xmlns:task="http://www.springframework.org/schema/task"
	xsi:schemaLocation="
 http://www.springframework.org/schema/beans
 http://www.springframework.org/schema/beans/spring-beans-4.0.xsd
 http://www.springframework.org/schema/context
 http://www.springframework.org/schema/context/spring-context-4.0.xsd
 http://www.springframework.org/schema/mvc
 http://www.springframework.org/schema/mvc/spring-mvc-4.0.xsd
 http://www.springframework.org/schema/task http://www.springframework.org/schema/task/spring-task-3.0.xsd">

	<context:component-scan base-package="com.asg.selfservice" />
	<context:property-placeholder location="classpath:application.properties" />

	<mvc:annotation-driven />
	<mvc:resources mapping="/resources/**" location="/resources/" />
	
	<!-- task schedulare spring -->
	<task:annotation-driven scheduler="taskScheduler"/>
	<task:scheduler id="taskScheduler" pool-size="1"/>
	
	<!-- also add the following beans to get rid of some exceptions -->
	<bean
		class="org.springframework.web.servlet.mvc.annotation.AnnotationMethodHandlerAdapter" />
	<bean
		class="org.springframework.web.servlet.mvc.annotation.DefaultAnnotationHandlerMapping" />

	<!-- Initialization of services -->
	<bean id="genericService" class="com.asg.selfservice.services.impl.GenericServiceImpl" />
	<bean id="profileService" class="com.asg.selfservice.services.impl.ProfileServiceImpl"/>
	<bean id="healthService" class="com.asg.selfservice.services.impl.HealthServiceImpl" />
	<bean id="smokingService" class="com.asg.selfservice.services.impl.SmokingServiceImpl" />
	<bean id="medicalhistoryService" class="com.asg.selfservice.services.impl.MedicalHistoryServiceImpl" />
	<bean id="drivingService"  class="com.asg.selfservice.services.impl.DrivingServiceImpl" />
	<bean id="treatmentService" class="com.asg.selfservice.services.impl.TreatmentServiceImpl"></bean>
	<bean id="prosService" class="com.asg.selfservice.services.impl.ProspectServiceImpl"/>
	<bean id="callBackService" class="com.asg.selfservice.services.impl.CustomerCallbackServiceImpl"></bean>

	<bean id="quoteService" class="com.asg.selfservice.services.impl.QuoteServiceImpl"></bean>
	<bean id="ebixService" class="com.asg.selfservice.services.impl.EBIXServiceImpl"></bean>
	<bean id="ebixWebService" class="com.asg.selfservice.ws.service.EBIXWebServiceImpl"></bean>
	
	<bean id="emailservice" class="com.asg.selfservice.services.impl.EmailServiceImpl"/>
	<bean id="loginService" class="com.asg.selfservice.services.impl.LoginServiceImpl"/>
	<bean id="helpService" class="com.asg.selfservice.services.impl.HelpServiceImpl"/>
	<bean id="familyService" class="com.asg.selfservice.services.impl.FamilyServiceImpl" />
	<bean id="appService" class="com.asg.selfservice.services.impl.ApplicationServiceImpl" />
	<bean id="medicalconditionsService" class="com.asg.selfservice.services.impl.MedicalConditionsServiceImpl" />
	
	<!-- Legalstmt -->
	<bean id="legalstmt" class="com.asg.selfservice.domain.Legalstmt"/>
	<bean id="legalstmtservice" class="com.asg.selfservice.services.impl.LegalStatementServiceImpl"/>

	<!-- Definition for daos -->
	<bean id="baseDao" class="com.asg.selfservice.dao.impl.BaseDAOImpl">
		<property name="jdbcTemplate" ref="jdbcTemplate" />
	</bean>
	<bean id="questionDao" class="com.asg.selfservice.dao.impl.QuestionDAOImpl">
		<property name="jdbcTemplate" ref="jdbcTemplate" />
	</bean>
	<bean id="answerDao" class="com.asg.selfservice.dao.impl.AnswerDAOImpl">
		<property name="jdbcTemplate" ref="jdbcTemplate" />
	</bean>
	<bean id="questionAnswerDao" class="com.asg.selfservice.dao.impl.QuestionAnswerDAOImpl">
		<property name="jdbcTemplate" ref="jdbcTemplate" />
	</bean>
	<bean id="profileDao" class="com.asg.selfservice.dao.impl.ProfileDAOImpl">
		<property name="jdbcTemplate" ref="jdbcTemplate" />
	</bean>

	<bean id="quoteDaoObj" class="com.asg.selfservice.dao.impl.QuoteDAOImpl">
		<property name="jdbcTemplate" ref="jdbcTemplate" />
	</bean>
	
	<bean id="prosDaoObj" class="com.asg.selfservice.dao.impl.ProspectDAOImpl">
		<property name="jdbcTemplate" ref="jdbcTemplate" />
	</bean>
	
	<bean id="callBackDaoObj" class="com.asg.selfservice.dao.impl.CustomerCallbackDAOImpl">
		<property name="jdbcTemplate" ref="jdbcTemplate" />
	</bean>
	
	<bean id="loginDao" class="com.asg.selfservice.dao.impl.LoginDAOImpl">
		<property name="jdbcTemplate" ref="jdbcTemplate" />
	</bean>
	
	<!-- legal statment DAO -->	
	<bean id="legalstmtDao" class="com.asg.selfservice.dao.impl.LegalStatementDAOImpl">
		<property name="jdbcTemplate" ref="jdbcTemplate" />
	</bean>
	
	<!-- validator section -->
	<bean id="userValidator" class="com.asg.selfservice.validator.UserValidator" />
	
	<!-- pinney -->
	
	<bean id="pinneyRequestProcessor" class="com.asg.selfservice.pinney.services.impl.PinneyRequestProcessor"/>
	<bean id="pinneyServiceHelperImpl" class="com.asg.selfservice.pinney.services.impl.PinneyServiceHelperImpl"/>

	<!-- Initialization for data source -->
	<bean id="dataSource"
		class="org.springframework.jdbc.datasource.DriverManagerDataSource">
		<property name="driverClassName" value="${db.driver.class}" />
		<property name="url" value="${db.connection.url}" />
		<property name="username" value="${db.username}" />
		<property name="password" value="${db.password}" />
	</bean>

	<bean id="jdbcTemplate" class="org.springframework.jdbc.core.JdbcTemplate">
		<property name="dataSource" ref="dataSource"></property>
	</bean>

	<!-- Email properties -->
  	<bean id="mailSender" class="org.springframework.mail.javamail.JavaMailSenderImpl">
		<property name="host" value="${email.host}" />
		<property name="port" value="${email.port}" />
		<property name="username" value="${email.username}" />
		<property name="password" value="${email.password}" />
		<property name="javaMailProperties">
			<props>
				<prop key="mail.transport.protocol">${email.protocol}</prop>
				<prop key="mail.smtp.auth">${email.auth}</prop>
				<prop key="mail.smtp.starttls.enable">${email.starttls.enable}</prop>
			</props>
		</property>
	</bean>

	<bean id="viewResolver1"
		class="org.springframework.web.servlet.view.ResourceBundleViewResolver">
		<property name="order" value="1" />
		<property name="basename" value="views" />
	</bean>

	<bean id="viewResolver"
		class="org.springframework.web.servlet.view.InternalResourceViewResolver">
		<property name="viewClass"
			value="org.springframework.web.servlet.view.JstlView" />
		<property name="order" value="2" />
		<property name="prefix">
			<value>/WEB-INF/views/</value>
		</property>
		<property name="suffix">
			<value>.jsp</value>
		</property>
	</bean>

	<bean id="messageSource"
		class="org.springframework.context.support.ReloadableResourceBundleMessageSource">
		<property name="basename" value="classpath:message" />
		<property name="defaultEncoding" value="UTF-8" />
	</bean>

	<bean id="restTemplate" class="org.springframework.web.client.RestTemplate">
		<property name="messageConverters">
			<list>
				<bean
					class="org.springframework.http.converter.json.MappingJacksonHttpMessageConverter" />
			</list>
		</property>
	</bean>
</beans>