<?xml version="1.0"?>
<relationships>
<relationship id ="1" name = "Mother" />
<relationship id ="2" name = "Father" />
<relationship id ="3" name = "Brother" />
<relationship id ="4" name = "Sister" />
<relationship id ="5" name = "Husband" />
<relationship id ="6" name = "Wife" />
<relationship id ="7" name = "Other" />
<relationship id ="8" name = "Business" />
<relationship id ="9" name = "Spouse" />
<relationship id ="10" name = "Domestic partner" />
<relationship id ="11" name = "Son" />
<relationship id ="12" name = "Daughter" />
<relationship id ="13" name = "Grandson" />
<relationship id ="14" name = "Granddaughter" />
<relationship id ="15" name = "Grandfather" />
<relationship id ="16" name = "Grandmother" />
<relationship id ="17" name = "Stepfather" />
<relationship id ="18" name = "Stepmother" />
<relationship id ="19" name = "Stepson" />
<relationship id ="20" name = "Stepdaughter" />
<relationship id ="21" name = "Trust" />
<relationship id ="22" name = "Creditors" />
<relationship id ="23" name = "Ex-spouse" />
</relationships>


