<beans xmlns="http://www.springframework.org/schema/beans"
	xmlns:context="http://www.springframework.org/schema/context"
	xmlns:xsi="http://www.w3.org/2001/XMLSchema-instance" xmlns:mvc="http://www.springframework.org/schema/mvc"
	xmlns:task="http://www.springframework.org/schema/task" xmlns:util="http://www.springframework.org/schema/util"
	xsi:schemaLocation="
 http://www.springframework.org/schema/beans
 http://www.springframework.org/schema/beans/spring-beans-4.0.xsd
 http://www.springframework.org/schema/context
 http://www.springframework.org/schema/context/spring-context-4.0.xsd
 http://www.springframework.org/schema/mvc
 http://www.springframework.org/schema/mvc/spring-mvc-4.0.xsd
 http://www.springframework.org/schema/task http://www.springframework.org/schema/task/spring-task-3.0.xsd
 http://www.springframework.org/schema/util
 http://www.springframework.org/schema/util/spring-util-3.0.xsd">

	<context:component-scan base-package="com.connbenefits" />
	<context:property-placeholder location="classpath:application.properties" />
	
	<util:properties id="propertyConfigurer" location="classpath:application.properties" />
	<context:property-placeholder
		properties-ref="propertyConfigurer" />

	<mvc:annotation-driven />
	<mvc:resources mapping="/resources/**" location="/resources/" />
	
	<!-- task schedulare spring -->
	<task:annotation-driven scheduler="taskScheduler"/>
	<task:scheduler id="taskScheduler" pool-size="1"/>
	
	<!-- also add the following beans to get rid of some exceptions -->
	<bean
		class="org.springframework.web.servlet.mvc.annotation.AnnotationMethodHandlerAdapter" />
	<bean
		class="org.springframework.web.servlet.mvc.annotation.DefaultAnnotationHandlerMapping" />

	<!-- Initialization of services -->
	<bean id="restService" class="com.connbenefits.services.impl.RestServiceImpl" />
	<bean id="profileService" class="com.connbenefits.services.impl.ProfileServiceImpl" />
	<bean id="genericService" class="com.connbenefits.services.impl.GenericServiceImpl" />
	<bean id="sliderService" class="com.connbenefits.services.impl.SliderServiceImpl" />
	<bean id="ebixService" class="com.connbenefits.services.impl.EBIXServiceImpl" />
	<bean id="ebixWebService" class="com.connbenefits.ws.service.EBIXWebServiceImpl" />
	<bean id="callbackService" class="com.connbenefits.services.impl.CallbackServiceImpl"/>
	<bean id="emailService" class="com.connbenefits.services.impl.EmailServiceImpl"/>
	
	<!-- pinney -->
	<bean id="pinneyRequestProcessor" class="com.connbenefits.pinney.services.impl.PinneyRequestProcessor"/>
	<bean id="pinneyServiceHelperImpl" class="com.connbenefits.pinney.services.impl.PinneyServiceHelperImpl"/>

	<!-- Definition for daos -->
	<bean id="profileDao" class="com.connbenefits.dao.impl.ProfileDAOImpl">
		<property name="jdbcTemplate" ref="jdbcTemplate" />
	</bean>
	<bean id="genericDao" class="com.connbenefits.dao.impl.GenericDAOImpl">
		<property name="jdbcTemplate" ref="jdbcTemplate" />
	</bean>

	<bean id="callbackDao" class="com.connbenefits.dao.impl.CallbackDAOImpl">
		<property name="jdbcTemplate" ref="jdbcTemplate" />
	</bean>
	
	<!-- Initialization for data source -->
	<!-- Un-comment for local use and comment below datasource-->
	 <bean id="dataSource"
		class="org.springframework.jdbc.datasource.DriverManagerDataSource">
		<property name="driverClassName" value="${db.driver.class}" />
		<property name="url" value="${db.connection.url}" />
		<property name="username" value="${db.username}" />
		<property name="password" value="${db.password}" />
	</bean>   
	
	<!-- <bean id="dataSource" class="org.springframework.jndi.JndiObjectFactoryBean">
		<property name="jndiName" value="${db.datasource}"/>
	</bean> -->

	<bean id="jdbcTemplate" class="org.springframework.jdbc.core.JdbcTemplate">
		<property name="dataSource" ref="dataSource"></property>
	</bean>

	<!-- Email properties -->
	<bean id="mailSender" class="org.springframework.mail.javamail.JavaMailSenderImpl">
		<property name="host" value="${email.host}" />
        <property name="port" value="${email.port}" />
        <property name="username" value="${email.username}" />
        <property name="password" value="${email.password}" />
        <property name="javaMailProperties">
            <props>
                <prop key="mail.transport.protocol">${email.protocol}</prop>
                <prop key="mail.smtp.auth">${email.auth}</prop>
                <prop key="mail.smtp.starttls.enable">${email.starttls.enable}</prop>
                <prop key="mail.debug">${email.debug}</prop>
            </props>
        </property>
	</bean>
	
	<bean id="viewResolver"
		class="org.springframework.web.servlet.view.InternalResourceViewResolver">
		<property name="prefix">
			<value>/WEB-INF/views/</value>
		</property>
		<property name="suffix">
			<value>.jsp</value>
		</property>
	</bean>
</beans>