<?xml version="1.0"?>
<states>
<state id="1" code="AL" />
<state id="2" code="AK" />
<state id="3" code="AZ" />
<state id="4" code="AR" />
<state id="5" code="CA" />
<state id="6" code="CO" />
<state id="7" code="CT" />
<state id="8" code="DE" />
<state id="9" code="DC"/>
<state id="10" code="FL" />
<state id="11" code="GA" />
<state id="12" code="HI" />
<state id="13" code="ID" />
<state id="14" code="IL" />
<state id="15" code="IN" />
<state id="16" code="IA" />
<state id="17" code="KS" />
<state id="18" code="KY" />
<state id="19" code="LA" />
<state id="20" code="ME" />
<state id="21" code="MD" />
<state id="22" code="MA" />
<state id="23" code="MI" />
<state id="24" code="MN" />
<state id="25" code="MS" />
<state id="26" code="MO" />
<state id="27" code="MT" />
<state id="28" code="NE" />
<state id="29" code="NV" />
<state id="30" code="NH" />
<state id="31" code="NJ" />
<state id="32" code="NM" />
<state id="33" code="NY-B" />
<state id="34" code="NY-NB" />
<state id="35" code="NC" />
<state id="36" code="ND" />
<state id="37" code="OH" />
<state id="38" code="OK" />
<state id="39" code="OR" />
<state id="40" code="PA" />
<state id="41" code="RI" />
<state id="42" code="SC" />
<state id="43" code="SD" />
<state id="44" code="TN" />
<state id="45" code="TX" />
<state id="46" code="UT" />
<state id="47" code="VT" />
<state id="48" code="VA" />
<state id="49" code="WA" />
<state id="50" code="WV" />
<state id="51" code="WI" />
<state id="52" code="WY" />
<state id="53" code="GU" />
<state id="54" code="PR" />
<state id="55" code="VI" />
<state id="56" code="AS" />
</states>